regime,macro_mae,macro_smape,macro_mase,micro_mae,micro_smape,micro_mase,split,model
low,0.012129670474678278,1.5220387044705843,1.1451295225319154,0.010671268618118363,1.4973484781599535,1.013404843616683,2,naive
med,0.013421700314872644,1.4505304152315313,1.2291396315295378,0.012331022000758023,1.4638403675905087,1.1375443494993096,2,naive
high,0.013336352408967085,1.5629930231306288,1.1935326325972617,0.012884938241746611,1.5124451792882587,1.136089210798257,2,naive
low,0.009401353198642793,1.7158853443045365,0.8895032828961826,0.008183895761492787,1.69377589901698,0.7785824974916318,2,lin_lags
med,0.00992533831264485,1.5952810021963986,0.9042631336853115,0.009033275225835784,1.615581034160242,0.8284674553414858,2,lin_lags
high,0.007050986531087094,1.5964190297656589,0.6308669393807315,0.008341352803866843,1.6882765764247871,0.7364392338950956,2,lin_lags
