sector,n_obs,mean_abs_return
Technology,900,0.008182428865232662
Healthcare,900,0.007570011728328046
Financials,900,0.00776800756214834
Energy,900,0.007751221459890792
Consumer,900,0.007786765729606567
