{
  "f1": {
    "numpy": [
      0.696469,
      0.286139,
      0.226851,
      0.551315,
      0.719469,
      0.423106
    ],
    "torch": [
      0.296112,
      0.516562,
      0.251671,
      0.688557,
      0.073972,
      0.866522
    ]
  },
  "f2": {
    "numpy": [
      0.696469,
      0.286139,
      0.226851,
      0.551315,
      0.719469,
      0.423106
    ],
    "torch": [
      0.296112,
      0.516562,
      0.251671,
      0.688557,
      0.073972,
      0.866522
    ]
  },
  "match": true
}