sector,n_obs,mean_abs_return
Technology,7290,0.008002847996931111
Healthcare,7290,0.007852410539722788
Financials,7290,0.007976443887118548
Energy,7290,0.007983105836183764
Consumer,7290,0.007972793462824871
